,Recording timestamp [μs],Computer timestamp [μs],Sensor,Project name,Export date,Participant name,Recording name,Recording date,Recording date UTC,Recording start time,Recording start time UTC,Recording duration [ms],Timeline name,Recording Fixation filter name,Recording software version,Recording resolution height [px],Recording resolution width [px],Recording monitor latency [ms],Average calibration accuracy [mm],Average calibration precision SD [mm],Average calibration precision RMS [mm],Average calibration accuracy [°],Average calibration precision SD [°],Average calibration precision RMS [°],Average calibration accuracy [px],Average calibration precision SD [px],Average calibration precision RMS [px],Average validation accuracy [mm],Average validation precision SD [mm],Average validation precision RMS [mm],Average validation accuracy [°],Average validation precision SD [°],Average validation precision RMS [°],Average validation accuracy [px],Average validation precision SD [px],Average validation precision RMS [px],Eyetracker timestamp [μs],Event,Event value,Gaze point X [DACS px],Gaze point Y [DACS px],Gaze point left X [DACS px],Gaze point left Y [DACS px],Gaze point right X [DACS px],Gaze point right Y [DACS px],Gaze direction left X [DACS norm],Gaze direction left Y [DACS norm],Gaze direction left Z [DACS norm],Gaze direction right X [DACS norm],Gaze direction right Y [DACS norm],Gaze direction right Z [DACS norm],Pupil diameter left [mm],Pupil diameter right [mm],Pupil diameter filtered [mm],Validity left,Validity right,Eye position left X [DACS mm],Eye position left Y [DACS mm],Eye position left Z [DACS mm],Eye position right X [DACS mm],Eye position right Y [DACS mm],Eye position right Z [DACS mm],Gaze point left X [DACS mm],Gaze point left Y [DACS mm],Gaze point right X [DACS mm],Gaze point right Y [DACS mm],Gaze point X [MCS norm],Gaze point Y [MCS norm],Gaze point left X [MCS norm],Gaze point left Y [MCS norm],Gaze point right X [MCS norm],Gaze point right Y [MCS norm],Presented Stimulus name,Presented Media name,Presented Media width [px],Presented Media height [px],Presented Media position X [DACS px],Presented Media position Y [DACS px],Original Media width [px],Original Media height [px],Eye movement type,Gaze event duration [ms],Eye movement type index,Fixation point X [DACS px],Fixation point Y [DACS px],Fixation point X [MCS norm],Fixation point Y [MCS norm],Ungrouped,Client area position X [px],Client area position Y [px],Viewport position X [px],Viewport position Y [px],Viewport width [px],Viewport height [px],Full page width [px],Full page height [px],Mouse position X [DACS px],Mouse position Y [DACS px],gaze hit,hardcore_hit
29,88703124,145884774438,Eye Tracker,IdentiGaze-prototype,2023-03-30,chungha,Recording20,2023-03-20,2023-03-20,14:11:59.980,05:11:59.980,270054,Timeline1,Tobii I-VT (Fixation),1.207.44884,1080,1920,10.0,0.6,2.1,2.2,0.05,0.17,0.19,2,7,7,7.9,5.3,2.1,0.7,0.45,0.18,25,17,7,145950454238.0,,,961.0,561.0,975.0,570.0,948.0,552.0,0.05402,0.09926,-0.99359,-0.06122,0.08755,-0.99428,3.688,3.579,3.636,Valid,Valid,269.4,113.6,642.5,335.2,116.0,640.8,304.3,177.8,295.8,172.4,0.5007,0.5195,0.5078,0.5274,0.4936,0.5115,Screen Recording,Screen Recording Recording20.mp4,1920.0,1080.0,0.0,0.0,1920.0,1080.0,Fixation,650.0,183.0,955.0,574.0,0.4975,0.5311,,,,,,,,,,,,no hit,0
30,88711457,145884782771,Eye Tracker,IdentiGaze-prototype,2023-03-30,chungha,Recording20,2023-03-20,2023-03-20,14:11:59.980,05:11:59.980,270054,Timeline1,Tobii I-VT (Fixation),1.207.44884,1080,1920,10.0,0.6,2.1,2.2,0.05,0.17,0.19,2,7,7,7.9,5.3,2.1,0.7,0.45,0.18,25,17,7,145950462571.0,,,958.0,569.0,970.0,569.0,946.0,568.0,0.05191,0.0989,-0.99374,-0.06173,0.09521,-0.99354,3.701,3.597,3.64,Valid,Valid,269.3,113.6,642.3,335.2,116.0,640.7,302.9,177.6,295.4,177.4,0.4992,0.5265,0.5055,0.5268,0.4929,0.5262,Screen Recording,Screen Recording Recording20.mp4,1920.0,1080.0,0.0,0.0,1920.0,1080.0,Fixation,650.0,183.0,955.0,574.0,0.4975,0.5311,,,,,,,,,,,,no hit,0
31,88719790,145884791104,Eye Tracker,IdentiGaze-prototype,2023-03-30,chungha,Recording20,2023-03-20,2023-03-20,14:11:59.980,05:11:59.980,270054,Timeline1,Tobii I-VT (Fixation),1.207.44884,1080,1920,10.0,0.6,2.1,2.2,0.05,0.17,0.19,2,7,7,7.9,5.3,2.1,0.7,0.45,0.18,25,17,7,145950470904.0,,,964.0,568.0,976.0,569.0,951.0,567.0,0.05478,0.09902,-0.99358,-0.05939,0.09474,-0.99373,3.693,3.588,3.644,Valid,Valid,269.3,113.7,642.1,335.1,116.0,640.5,304.7,177.7,296.8,177.1,0.5019,0.5263,0.5085,0.5272,0.4954,0.5254,Screen Recording,Screen Recording Recording20.mp4,1920.0,1080.0,0.0,0.0,1920.0,1080.0,Fixation,650.0,183.0,955.0,574.0,0.4975,0.5311,,,,,,,,,,,,no hit,0
32,88728125,145884799439,Eye Tracker,IdentiGaze-prototype,2023-03-30,chungha,Recording20,2023-03-20,2023-03-20,14:11:59.980,05:11:59.980,270054,Timeline1,Tobii I-VT (Fixation),1.207.44884,1080,1920,10.0,0.6,2.1,2.2,0.05,0.17,0.19,2,7,7,7.9,5.3,2.1,0.7,0.45,0.18,25,17,7,145950479238.0,,,964.0,565.0,976.0,570.0,952.0,560.0,0.0547,0.09937,-0.99355,-0.05893,0.0912,-0.99409,3.703,3.567,3.645,Valid,Valid,269.3,113.7,642.0,335.1,116.1,640.3,304.6,177.9,297.1,174.8,0.5021,0.5232,0.5083,0.5279,0.4959,0.5186,Screen Recording,Screen Recording Recording20.mp4,1920.0,1080.0,0.0,0.0,1920.0,1080.0,Saccade,50.0,260.0,,,,,,,,,,,,,,,,no hit,0
33,88736459,145884807773,Eye Tracker,IdentiGaze-prototype,2023-03-30,chungha,Recording20,2023-03-20,2023-03-20,14:11:59.980,05:11:59.980,270054,Timeline1,Tobii I-VT (Fixation),1.207.44884,1080,1920,10.0,0.6,2.1,2.2,0.05,0.17,0.19,2,7,7,7.9,5.3,2.1,0.7,0.45,0.18,25,17,7,145950487572.0,,,998.0,571.0,1011.0,571.0,984.0,570.0,0.07153,0.09983,-0.99243,-0.04343,0.09607,-0.99443,3.702,3.616,3.635,Valid,Valid,269.3,113.7,642.0,335.1,116.1,640.2,315.6,178.3,307.2,177.9,0.5196,0.5284,0.5267,0.529,0.5126,0.5279,Screen Recording,Screen Recording Recording20.mp4,1920.0,1080.0,0.0,0.0,1920.0,1080.0,Saccade,50.0,260.0,,,,,,,,,,,,,,,,no hit,0
34,88744792,145884816106,Eye Tracker,IdentiGaze-prototype,2023-03-30,chungha,Recording20,2023-03-20,2023-03-20,14:11:59.980,05:11:59.980,270054,Timeline1,Tobii I-VT (Fixation),1.207.44884,1080,1920,10.0,0.6,2.1,2.2,0.05,0.17,0.19,2,7,7,7.9,5.3,2.1,0.7,0.45,0.18,25,17,7,145950495905.0,,,1031.0,550.0,1043.0,557.0,1020.0,542.0,0.08662,0.09295,-0.9919,-0.02631,0.08279,-0.99622,3.723,3.566,3.638,Valid,Valid,269.4,113.7,641.9,335.2,116.1,640.1,325.5,173.9,318.2,169.3,0.5371,0.5091,0.5431,0.5159,0.5311,0.5023,Screen Recording,Screen Recording Recording20.mp4,1920.0,1080.0,0.0,0.0,1920.0,1080.0,Saccade,50.0,260.0,,,,,,,,,,,,,,,,no hit,0
35,88753129,145884824443,Eye Tracker,IdentiGaze-prototype,2023-03-30,chungha,Recording20,2023-03-20,2023-03-20,14:11:59.980,05:11:59.980,270054,Timeline1,Tobii I-VT (Fixation),1.207.44884,1080,1920,10.0,0.6,2.1,2.2,0.05,0.17,0.19,2,7,7,7.9,5.3,2.1,0.7,0.45,0.18,25,17,7,145950504241.0,,,1032.0,550.0,1044.0,561.0,1021.0,538.0,0.08736,0.09461,-0.99167,-0.02585,0.08083,-0.99639,3.71,3.562,3.641,Valid,Valid,269.4,113.8,641.8,335.1,116.1,640.0,325.9,175.0,318.5,168.1,0.5377,0.5089,0.5439,0.5191,0.5316,0.4986,Screen Recording,Screen Recording Recording20.mp4,1920.0,1080.0,0.0,0.0,1920.0,1080.0,Saccade,50.0,260.0,,,,,,,,,,,,,,,,no hit,0
36,88761463,145884832777,Eye Tracker,IdentiGaze-prototype,2023-03-30,chungha,Recording20,2023-03-20,2023-03-20,14:11:59.980,05:11:59.980,270054,Timeline1,Tobii I-VT (Fixation),1.207.44884,1080,1920,10.0,0.6,2.1,2.2,0.05,0.17,0.19,2,7,7,7.9,5.3,2.1,0.7,0.45,0.18,25,17,7,145950512575.0,,,1004.0,555.0,1016.0,563.0,992.0,548.0,0.07383,0.09557,-0.99268,-0.03976,0.08549,-0.99555,3.711,3.595,3.64,Valid,Valid,269.4,113.8,641.8,335.1,116.1,640.1,317.1,175.6,309.5,171.1,0.5228,0.5142,0.5292,0.5209,0.5165,0.5076,Screen Recording,Screen Recording Recording20.mp4,1920.0,1080.0,0.0,0.0,1920.0,1080.0,Saccade,50.0,260.0,,,,,,,,,,,,,,,,no hit,0
37,88769795,145884841109,Eye Tracker,IdentiGaze-prototype,2023-03-30,chungha,Recording20,2023-03-20,2023-03-20,14:11:59.980,05:11:59.980,270054,Timeline1,Tobii I-VT (Fixation),1.207.44884,1080,1920,10.0,0.6,2.1,2.2,0.05,0.17,0.19,2,7,7,7.9,5.3,2.1,0.7,0.45,0.18,25,17,7,145950520907.0,,,985.0,539.0,995.0,551.0,976.0,528.0,0.06363,0.08997,-0.99391,-0.04751,0.07578,-0.99599,3.695,3.572,3.636,Valid,Valid,269.3,113.8,641.7,335.1,116.1,640.1,310.4,171.9,304.5,164.8,0.5131,0.4994,0.518,0.5099,0.5082,0.4889,Screen Recording,Screen Recording Recording20.mp4,1920.0,1080.0,0.0,0.0,1920.0,1080.0,Saccade,50.0,260.0,,,,,,,,,,,,,,,,no hit,0
38,88778130,145884849444,Eye Tracker,IdentiGaze-prototype,2023-03-30,chungha,Recording20,2023-03-20,2023-03-20,14:11:59.980,05:11:59.980,270054,Timeline1,Tobii I-VT (Fixation),1.207.44884,1080,1920,10.0,0.6,2.1,2.2,0.05,0.17,0.19,2,7,7,7.9,5.3,2.1,0.7,0.45,0.18,25,17,7,145950529241.0,,,983.0,537.0,992.0,543.0,975.0,530.0,0.06234,0.08632,-0.99432,-0.04791,0.07654,-0.99591,3.7,3.57,3.64,Valid,Valid,269.3,113.9,641.6,335.0,116.2,640.0,309.5,169.6,304.3,165.3,0.5121,0.4968,0.5165,0.5031,0.5077,0.4905,Screen Recording,Screen Recording Recording20.mp4,1920.0,1080.0,0.0,0.0,1920.0,1080.0,Fixation,233.0,184.0,986.0,543.0,0.5135,0.5031,,,,,,,,,,,,no hit,0
39,88786464,145884857778,Eye Tracker,IdentiGaze-prototype,2023-03-30,chungha,Recording20,2023-03-20,2023-03-20,14:11:59.980,05:11:59.980,270054,Timeline1,Tobii I-VT (Fixation),1.207.44884,1080,1920,10.0,0.6,2.1,2.2,0.05,0.17,0.19,2,7,7,7.9,5.3,2.1,0.7,0.45,0.18,25,17,7,145950537575.0,,,984.0,534.0,994.0,537.0,975.0,530.0,0.06347,0.08331,-0.9945,-0.04789,0.07644,-0.99592,3.69,3.58,3.638,Valid,Valid,269.3,114.0,641.5,335.1,116.2,639.9,310.2,167.7,304.3,165.3,0.5128,0.494,0.5177,0.4975,0.5078,0.4905,Screen Recording,Screen Recording Recording20.mp4,1920.0,1080.0,0.0,0.0,1920.0,1080.0,Fixation,233.0,184.0,986.0,543.0,0.5135,0.5031,,,,,,,,,,,,no hit,0
40,88794797,145884866111,Eye Tracker,IdentiGaze-prototype,2023-03-30,chungha,Recording20,2023-03-20,2023-03-20,14:11:59.980,05:11:59.980,270054,Timeline1,Tobii I-VT (Fixation),1.207.44884,1080,1920,10.0,0.6,2.1,2.2,0.05,0.17,0.19,2,7,7,7.9,5.3,2.1,0.7,0.45,0.18,25,17,7,145950545908.0,,,988.0,548.0,997.0,553.0,978.0,543.0,0.06496,0.09082,-0.99375,-0.04624,0.0829,-0.99548,3.718,3.603,3.651,Valid,Valid,269.3,114.0,641.4,335.1,116.3,639.8,311.2,172.6,305.3,169.6,0.5145,0.5076,0.5194,0.5121,0.5096,0.503,Screen Recording,Screen Recording Recording20.mp4,1920.0,1080.0,0.0,0.0,1920.0,1080.0,Fixation,233.0,184.0,986.0,543.0,0.5135,0.5031,,,,,,,,,,,,no hit,0
41,88803130,145884874444,Eye Tracker,IdentiGaze-prototype,2023-03-30,chungha,Recording20,2023-03-20,2023-03-20,14:11:59.980,05:11:59.980,270054,Timeline1,Tobii I-VT (Fixation),1.207.44884,1080,1920,10.0,0.6,2.1,2.2,0.05,0.17,0.19,2,7,7,7.9,5.3,2.1,0.7,0.45,0.18,25,17,7,145950554241.0,,,988.0,541.0,1002.0,542.0,974.0,540.0,0.06706,0.08559,-0.99407,-0.04856,0.08106,-0.99553,3.696,3.612,3.653,Valid,Valid,269.3,114.0,641.5,335.1,116.4,639.8,312.6,169.3,303.9,168.5,0.5144,0.501,0.5216,0.5021,0.5071,0.4998,Screen Recording,Screen Recording Recording20.mp4,1920.0,1080.0,0.0,0.0,1920.0,1080.0,Fixation,233.0,184.0,986.0,543.0,0.5135,0.5031,,,,,,,,,,,,no hit,0
42,88811464,145884882778,Eye Tracker,IdentiGaze-prototype,2023-03-30,chungha,Recording20,2023-03-20,2023-03-20,14:11:59.980,05:11:59.980,270054,Timeline1,Tobii I-VT (Fixation),1.207.44884,1080,1920,10.0,0.6,2.1,2.2,0.05,0.17,0.19,2,7,7,7.9,5.3,2.1,0.7,0.45,0.18,25,17,7,145950562574.0,,,989.0,542.0,999.0,550.0,979.0,534.0,0.06585,0.08906,-0.99385,-0.04613,0.07835,-0.99586,3.725,3.602,3.66,Valid,Valid,269.3,114.1,641.4,335.1,116.4,639.7,311.8,171.5,305.5,166.8,0.515,0.5018,0.5203,0.5089,0.5097,0.4947,Screen Recording,Screen Recording Recording20.mp4,1920.0,1080.0,0.0,0.0,1920.0,1080.0,Fixation,233.0,184.0,986.0,543.0,0.5135,0.5031,,,,,,,,,,,,no hit,0
43,88819797,145884891111,Eye Tracker,IdentiGaze-prototype,2023-03-30,chungha,Recording20,2023-03-20,2023-03-20,14:11:59.980,05:11:59.980,270054,Timeline1,Tobii I-VT (Fixation),1.207.44884,1080,1920,10.0,0.6,2.1,2.2,0.05,0.17,0.19,2,7,7,7.9,5.3,2.1,0.7,0.45,0.18,25,17,7,145950570907.0,,,990.0,541.0,999.0,544.0,981.0,539.0,0.06594,0.08603,-0.99411,-0.04519,0.08064,-0.99572,3.705,3.584,3.656,Valid,Valid,269.3,114.1,641.4,335.1,116.5,639.7,311.9,169.6,306.1,168.3,0.5156,0.5013,0.5204,0.5033,0.5108,0.4993,Screen Recording,Screen Recording Recording20.mp4,1920.0,1080.0,0.0,0.0,1920.0,1080.0,Fixation,233.0,184.0,986.0,543.0,0.5135,0.5031,,,,,,,,,,,,no hit,0
44,88828131,145884899445,Eye Tracker,IdentiGaze-prototype,2023-03-30,chungha,Recording20,2023-03-20,2023-03-20,14:11:59.980,05:11:59.980,270054,Timeline1,Tobii I-VT (Fixation),1.207.44884,1080,1920,10.0,0.6,2.1,2.2,0.05,0.17,0.19,2,7,7,7.9,5.3,2.1,0.7,0.45,0.18,25,17,7,145950579241.0,,,988.0,544.0,995.0,554.0,981.0,533.0,0.06397,0.09107,-0.99379,-0.0451,0.07746,-0.99597,3.73,3.591,3.656,Valid,Valid,269.3,114.2,641.3,335.1,116.6,639.5,310.6,173.0,306.2,166.3,0.5146,0.5033,0.5183,0.5131,0.5109,0.4934,Screen Recording,Screen Recording Recording20.mp4,1920.0,1080.0,0.0,0.0,1920.0,1080.0,Fixation,233.0,184.0,986.0,543.0,0.5135,0.5031,,,,,,,,,,,,no hit,0
45,88836465,145884907779,Eye Tracker,IdentiGaze-prototype,2023-03-30,chungha,Recording20,2023-03-20,2023-03-20,14:11:59.980,05:11:59.980,270054,Timeline1,Tobii I-VT (Fixation),1.207.44884,1080,1920,10.0,0.6,2.1,2.2,0.05,0.17,0.19,2,7,7,7.9,5.3,2.1,0.7,0.45,0.18,25,17,7,145950587574.0,,,988.0,542.0,1002.0,542.0,974.0,542.0,0.06742,0.08505,-0.99409,-0.04869,0.08203,-0.99544,3.709,3.606,3.658,Valid,Valid,269.3,114.2,641.3,335.1,116.6,639.6,312.8,169.1,303.9,169.3,0.5146,0.502,0.5221,0.5017,0.5071,0.5023,Screen Recording,Screen Recording Recording20.mp4,1920.0,1080.0,0.0,0.0,1920.0,1080.0,Fixation,233.0,184.0,986.0,543.0,0.5135,0.5031,,,,,,,,,,,,no hit,0
46,88844798,145884916112,Eye Tracker,IdentiGaze-prototype,2023-03-30,chungha,Recording20,2023-03-20,2023-03-20,14:11:59.980,05:11:59.980,270054,Timeline1,Tobii I-VT (Fixation),1.207.44884,1080,1920,10.0,0.6,2.1,2.2,0.05,0.17,0.19,2,7,7,7.9,5.3,2.1,0.7,0.45,0.18,25,17,7,145950595907.0,,,986.0,539.0,1000.0,539.0,971.0,539.0,0.06614,0.08373,-0.99429,-0.04973,0.08021,-0.99554,3.703,3.628,3.672,Valid,Valid,269.3,114.3,641.4,335.1,116.6,639.7,312.0,168.3,303.2,168.2,0.5133,0.4991,0.5207,0.4993,0.506,0.4989,Screen Recording,Screen Recording Recording20.mp4,1920.0,1080.0,0.0,0.0,1920.0,1080.0,Fixation,233.0,184.0,986.0,543.0,0.5135,0.5031,,,,,,,,,,,,no hit,0
47,88853132,145884924446,Eye Tracker,IdentiGaze-prototype,2023-03-30,chungha,Recording20,2023-03-20,2023-03-20,14:11:59.980,05:11:59.980,270054,Timeline1,Tobii I-VT (Fixation),1.207.44884,1080,1920,10.0,0.6,2.1,2.2,0.05,0.17,0.19,2,7,7,7.9,5.3,2.1,0.7,0.45,0.18,25,17,7,145950604241.0,,,987.0,538.0,1000.0,545.0,975.0,532.0,0.06604,0.08636,-0.99407,-0.04794,0.07691,-0.99588,3.725,3.619,3.675,Valid,Valid,269.3,114.3,641.4,335.2,116.7,639.7,312.0,170.0,304.4,166.1,0.5142,0.4986,0.5206,0.5044,0.5079,0.4928,Screen Recording,Screen Recording Recording20.mp4,1920.0,1080.0,0.0,0.0,1920.0,1080.0,Fixation,233.0,184.0,986.0,543.0,0.5135,0.5031,,,,,,,,,,,,no hit,0
48,88861467,145884932781,Eye Tracker,IdentiGaze-prototype,2023-03-30,chungha,Recording20,2023-03-20,2023-03-20,14:11:59.980,05:11:59.980,270054,Timeline1,Tobii I-VT (Fixation),1.207.44884,1080,1920,10.0,0.6,2.1,2.2,0.05,0.17,0.19,2,7,7,7.9,5.3,2.1,0.7,0.45,0.18,25,17,7,145950612575.0,,,988.0,543.0,1002.0,550.0,974.0,536.0,0.06729,0.08886,-0.99377,-0.04875,0.07867,-0.99571,3.736,3.63,3.677,Valid,Valid,269.3,114.3,641.4,335.2,116.8,639.6,312.8,171.7,303.8,167.3,0.5145,0.5028,0.522,0.5094,0.507,0.4963,Screen Recording,Screen Recording Recording20.mp4,1920.0,1080.0,0.0,0.0,1920.0,1080.0,Fixation,233.0,184.0,986.0,543.0,0.5135,0.5031,,,,,,,,,,,,no hit,0
49,88869800,145884941114,Eye Tracker,IdentiGaze-prototype,2023-03-30,chungha,Recording20,2023-03-20,2023-03-20,14:11:59.980,05:11:59.980,270054,Timeline1,Tobii I-VT (Fixation),1.207.44884,1080,1920,10.0,0.6,2.1,2.2,0.05,0.17,0.19,2,7,7,7.9,5.3,2.1,0.7,0.45,0.18,25,17,7,145950620908.0,,,986.0,545.0,997.0,552.0,974.0,538.0,0.06485,0.08945,-0.99388,-0.04841,0.07975,-0.99564,3.73,3.624,3.677,Valid,Valid,269.4,114.4,641.4,335.2,116.8,639.6,311.2,172.1,304.1,168.0,0.5134,0.5046,0.5193,0.5107,0.5074,0.4985,Screen Recording,Screen Recording Recording20.mp4,1920.0,1080.0,0.0,0.0,1920.0,1080.0,Fixation,233.0,184.0,986.0,543.0,0.5135,0.5031,,,,,,,,,,,,no hit,0
50,88878133,145884949447,Eye Tracker,IdentiGaze-prototype,2023-03-30,chungha,Recording20,2023-03-20,2023-03-20,14:11:59.980,05:11:59.980,270054,Timeline1,Tobii I-VT (Fixation),1.207.44884,1080,1920,10.0,0.6,2.1,2.2,0.05,0.17,0.19,2,7,7,7.9,5.3,2.1,0.7,0.45,0.18,25,17,7,145950629241.0,,,987.0,545.0,1000.0,554.0,975.0,536.0,0.06608,0.09067,-0.99369,-0.0482,0.07839,-0.99576,3.738,3.624,3.68,Valid,Valid,269.3,114.5,641.4,335.2,116.8,639.7,312.0,173.0,304.2,167.2,0.5141,0.5046,0.5207,0.5132,0.5076,0.4959,Screen Recording,Screen Recording Recording20.mp4,1920.0,1080.0,0.0,0.0,1920.0,1080.0,Fixation,233.0,184.0,986.0,543.0,0.5135,0.5031,,,,,,,,,,,,no hit,0
51,88886467,145884957781,Eye Tracker,IdentiGaze-prototype,2023-03-30,chungha,Recording20,2023-03-20,2023-03-20,14:11:59.980,05:11:59.980,270054,Timeline1,Tobii I-VT (Fixation),1.207.44884,1080,1920,10.0,0.6,2.1,2.2,0.05,0.17,0.19,2,7,7,7.9,5.3,2.1,0.7,0.45,0.18,25,17,7,145950637574.0,,,988.0,541.0,1001.0,544.0,974.0,538.0,0.06696,0.0858,-0.99406,-0.04852,0.07963,-0.99564,3.728,3.653,3.686,Valid,Valid,269.3,114.5,641.4,335.2,116.9,639.8,312.5,169.9,304.0,168.0,0.5144,0.5012,0.5216,0.5039,0.5073,0.4985,Screen Recording,Screen Recording Recording20.mp4,1920.0,1080.0,0.0,0.0,1920.0,1080.0,Fixation,233.0,184.0,986.0,543.0,0.5135,0.5031,,,,,,,,,,,,no hit,0
52,88894801,145884966115,Eye Tracker,IdentiGaze-prototype,2023-03-30,chungha,Recording20,2023-03-20,2023-03-20,14:11:59.980,05:11:59.980,270054,Timeline1,Tobii I-VT (Fixation),1.207.44884,1080,1920,10.0,0.6,2.1,2.2,0.05,0.17,0.19,2,7,7,7.9,5.3,2.1,0.7,0.45,0.18,25,17,7,145950645908.0,,,986.0,539.0,1001.0,542.0,971.0,536.0,0.06696,0.08488,-0.99414,-0.05006,0.07827,-0.99567,3.715,3.641,3.687,Valid,Valid,269.3,114.5,641.4,335.1,116.9,639.7,312.5,169.3,303.0,167.2,0.5136,0.4991,0.5216,0.5022,0.5056,0.496,Screen Recording,Screen Recording Recording20.mp4,1920.0,1080.0,0.0,0.0,1920.0,1080.0,Fixation,233.0,184.0,986.0,543.0,0.5135,0.5031,,,,,,,,,,,,no hit,0
53,88903134,145884974448,Eye Tracker,IdentiGaze-prototype,2023-03-30,chungha,Recording20,2023-03-20,2023-03-20,14:11:59.980,05:11:59.980,270054,Timeline1,Tobii I-VT (Fixation),1.207.44884,1080,1920,10.0,0.6,2.1,2.2,0.05,0.17,0.19,2,7,7,7.9,5.3,2.1,0.7,0.45,0.18,25,17,7,145950654241.0,,,987.0,543.0,1003.0,550.0,972.0,536.0,0.06761,0.08862,-0.99377,-0.04938,0.07822,-0.99571,3.732,3.643,3.691,Valid,Valid,269.3,114.5,641.5,335.1,117.0,639.7,313.0,171.7,303.4,167.2,0.5143,0.5028,0.5223,0.5095,0.5063,0.4961,Screen Recording,Screen Recording Recording20.mp4,1920.0,1080.0,0.0,0.0,1920.0,1080.0,Fixation,233.0,184.0,986.0,543.0,0.5135,0.5031,,,,,,,,,,,,no hit,0
54,88911469,145884982783,Eye Tracker,IdentiGaze-prototype,2023-03-30,chungha,Recording20,2023-03-20,2023-03-20,14:11:59.980,05:11:59.980,270054,Timeline1,Tobii I-VT (Fixation),1.207.44884,1080,1920,10.0,0.6,2.1,2.2,0.05,0.17,0.19,2,7,7,7.9,5.3,2.1,0.7,0.45,0.18,25,17,7,145950662575.0,,,984.0,549.0,997.0,559.0,972.0,539.0,0.06495,0.09292,-0.99355,-0.04955,0.07979,-0.99558,3.76,3.653,3.692,Valid,Valid,269.3,114.6,641.4,335.1,117.0,639.7,311.2,174.6,303.3,168.2,0.5128,0.5085,0.5194,0.5179,0.5061,0.4991,Screen Recording,Screen Recording Recording20.mp4,1920.0,1080.0,0.0,0.0,1920.0,1080.0,Fixation,233.0,184.0,986.0,543.0,0.5135,0.5031,,,,,,,,,,,,no hit,0
55,88919802,145884991116,Eye Tracker,IdentiGaze-prototype,2023-03-30,chungha,Recording20,2023-03-20,2023-03-20,14:11:59.980,05:11:59.980,270054,Timeline1,Tobii I-VT (Fixation),1.207.44884,1080,1920,10.0,0.6,2.1,2.2,0.05,0.17,0.19,2,7,7,7.9,5.3,2.1,0.7,0.45,0.18,25,17,7,145950670908.0,,,986.0,541.0,999.0,548.0,974.0,535.0,0.06592,0.0872,-0.99401,-0.04866,0.07771,-0.99579,3.735,3.65,3.694,Valid,Valid,269.3,114.6,641.3,335.1,117.0,639.7,311.8,170.9,303.9,166.9,0.5137,0.5011,0.5204,0.507,0.5071,0.4953,Screen Recording,Screen Recording Recording20.mp4,1920.0,1080.0,0.0,0.0,1920.0,1080.0,Fixation,233.0,184.0,986.0,543.0,0.5135,0.5031,,,,,,,,,,,,no hit,0
56,88928135,145884999449,Eye Tracker,IdentiGaze-prototype,2023-03-30,chungha,Recording20,2023-03-20,2023-03-20,14:11:59.980,05:11:59.980,270054,Timeline1,Tobii I-VT (Fixation),1.207.44884,1080,1920,10.0,0.6,2.1,2.2,0.05,0.17,0.19,2,7,7,7.9,5.3,2.1,0.7,0.45,0.18,25,17,7,145950679241.0,,,983.0,553.0,996.0,558.0,970.0,548.0,0.06434,0.09218,-0.99366,-0.05048,0.08392,-0.99519,3.739,3.68,3.7,Valid,Valid,269.3,114.6,641.4,335.1,117.0,639.7,310.8,174.1,302.7,171.0,0.5119,0.5119,0.5187,0.5166,0.5051,0.5072,Screen Recording,Screen Recording Recording20.mp4,1920.0,1080.0,0.0,0.0,1920.0,1080.0,Fixation,233.0,184.0,986.0,543.0,0.5135,0.5031,,,,,,,,,,,,no hit,0
57,88936468,145885007782,Eye Tracker,IdentiGaze-prototype,2023-03-30,chungha,Recording20,2023-03-20,2023-03-20,14:11:59.980,05:11:59.980,270054,Timeline1,Tobii I-VT (Fixation),1.207.44884,1080,1920,10.0,0.6,2.1,2.2,0.05,0.17,0.19,2,7,7,7.9,5.3,2.1,0.7,0.45,0.18,25,17,7,145950687574.0,,,986.0,545.0,998.0,553.0,974.0,538.0,0.06554,0.08967,-0.99381,-0.04831,0.07906,-0.9957,3.734,3.661,3.71,Valid,Valid,269.3,114.6,641.4,335.1,117.0,639.8,311.6,172.5,304.1,167.8,0.5137,0.5048,0.52,0.5117,0.5074,0.4979,Screen Recording,Screen Recording Recording20.mp4,1920.0,1080.0,0.0,0.0,1920.0,1080.0,Fixation,233.0,184.0,986.0,543.0,0.5135,0.5031,,,,,,,,,,,,no hit,0
58,88944802,145885016116,Eye Tracker,IdentiGaze-prototype,2023-03-30,chungha,Recording20,2023-03-20,2023-03-20,14:11:59.980,05:11:59.980,270054,Timeline1,Tobii I-VT (Fixation),1.207.44884,1080,1920,10.0,0.6,2.1,2.2,0.05,0.17,0.19,2,7,7,7.9,5.3,2.1,0.7,0.45,0.18,25,17,7,145950695907.0,,,980.0,550.0,994.0,557.0,967.0,542.0,0.06322,0.09182,-0.99377,-0.052,0.08108,-0.99535,3.76,3.686,3.715,Valid,Valid,269.3,114.6,641.5,335.1,117.1,639.8,310.1,173.9,301.7,169.2,0.5105,0.5089,0.5175,0.5159,0.5035,0.5019,Screen Recording,Screen Recording Recording20.mp4,1920.0,1080.0,0.0,0.0,1920.0,1080.0,Fixation,233.0,184.0,986.0,543.0,0.5135,0.5031,,,,,,,,,,,,no hit,0
59,88953136,145885024450,Eye Tracker,IdentiGaze-prototype,2023-03-30,chungha,Recording20,2023-03-20,2023-03-20,14:11:59.980,05:11:59.980,270054,Timeline1,Tobii I-VT (Fixation),1.207.44884,1080,1920,10.0,0.6,2.1,2.2,0.05,0.17,0.19,2,7,7,7.9,5.3,2.1,0.7,0.45,0.18,25,17,7,145950704241.0,,,983.0,546.0,995.0,553.0,970.0,538.0,0.06372,0.08986,-0.99391,-0.05018,0.07922,-0.99559,3.75,3.694,3.723,Valid,Valid,269.3,114.6,641.5,335.1,117.1,639.8,310.4,172.6,302.9,168.0,0.5117,0.5052,0.518,0.5121,0.5054,0.4984,Screen Recording,Screen Recording Recording20.mp4,1920.0,1080.0,0.0,0.0,1920.0,1080.0,Fixation,233.0,184.0,986.0,543.0,0.5135,0.5031,,,,,,,,,,,,no hit,0
60,88961469,145885032783,Eye Tracker,IdentiGaze-prototype,2023-03-30,chungha,Recording20,2023-03-20,2023-03-20,14:11:59.980,05:11:59.980,270054,Timeline1,Tobii I-VT (Fixation),1.207.44884,1080,1920,10.0,0.6,2.1,2.2,0.05,0.17,0.19,2,7,7,7.9,5.3,2.1,0.7,0.45,0.18,25,17,7,145950712574.0,,,983.0,543.0,995.0,552.0,970.0,534.0,0.06406,0.08917,-0.99395,-0.05045,0.07732,-0.99573,3.764,3.67,3.727,Valid,Valid,269.3,114.6,641.5,335.1,117.1,639.8,310.7,172.2,302.7,166.8,0.5118,0.5028,0.5184,0.5108,0.5052,0.4948,Screen Recording,Screen Recording Recording20.mp4,1920.0,1080.0,0.0,0.0,1920.0,1080.0,Fixation,233.0,184.0,986.0,543.0,0.5135,0.5031,,,,,,,,,,,,no hit,0
61,88969804,145885041118,Eye Tracker,IdentiGaze-prototype,2023-03-30,chungha,Recording20,2023-03-20,2023-03-20,14:11:59.980,05:11:59.980,270054,Timeline1,Tobii I-VT (Fixation),1.207.44884,1080,1920,10.0,0.6,2.1,2.2,0.05,0.17,0.19,2,7,7,7.9,5.3,2.1,0.7,0.45,0.18,25,17,7,145950720908.0,,,983.0,552.0,996.0,559.0,970.0,545.0,0.06447,0.09263,-0.99361,-0.05019,0.08264,-0.99531,3.773,3.693,3.727,Valid,Valid,269.3,114.7,641.4,335.1,117.1,639.9,310.9,174.5,302.9,170.2,0.5122,0.5112,0.5189,0.5175,0.5054,0.5049,Screen Recording,Screen Recording Recording20.mp4,1920.0,1080.0,0.0,0.0,1920.0,1080.0,Fixation,233.0,184.0,986.0,543.0,0.5135,0.5031,,,,,,,,,,,,no hit,0
62,88978137,145885049451,Eye Tracker,IdentiGaze-prototype,2023-03-30,chungha,Recording20,2023-03-20,2023-03-20,14:11:59.980,05:11:59.980,270054,Timeline1,Tobii I-VT (Fixation),1.207.44884,1080,1920,10.0,0.6,2.1,2.2,0.05,0.17,0.19,2,7,7,7.9,5.3,2.1,0.7,0.45,0.18,25,17,7,145950729241.0,,,984.0,545.0,997.0,546.0,972.0,543.0,0.06473,0.08662,-0.99414,-0.04955,0.08137,-0.99545,3.762,3.696,3.728,Valid,Valid,269.3,114.6,641.5,335.2,117.1,639.9,311.1,170.5,303.3,169.4,0.5127,0.5042,0.5192,0.5059,0.5061,0.5025,Screen Recording,Screen Recording Recording20.mp4,1920.0,1080.0,0.0,0.0,1920.0,1080.0,Fixation,233.0,184.0,986.0,543.0,0.5135,0.5031,,,,,,,,,,,,no hit,0
63,88986470,145885057784,Eye Tracker,IdentiGaze-prototype,2023-03-30,chungha,Recording20,2023-03-20,2023-03-20,14:11:59.980,05:11:59.980,270054,Timeline1,Tobii I-VT (Fixation),1.207.44884,1080,1920,10.0,0.6,2.1,2.2,0.05,0.17,0.19,2,7,7,7.9,5.3,2.1,0.7,0.45,0.18,25,17,7,145950737574.0,,,982.0,540.0,997.0,548.0,967.0,533.0,0.06492,0.08734,-0.99406,-0.05186,0.0766,-0.99571,3.75,3.69,3.732,Valid,Valid,269.4,114.6,641.5,335.2,117.1,640.0,311.2,171.0,301.8,166.3,0.5115,0.5003,0.5194,0.5072,0.5037,0.4933,Screen Recording,Screen Recording Recording20.mp4,1920.0,1080.0,0.0,0.0,1920.0,1080.0,Fixation,233.0,184.0,986.0,543.0,0.5135,0.5031,,,,,,,,,,,,no hit,0
64,88994804,145885066118,Eye Tracker,IdentiGaze-prototype,2023-03-30,chungha,Recording20,2023-03-20,2023-03-20,14:11:59.980,05:11:59.980,270054,Timeline1,Tobii I-VT (Fixation),1.207.44884,1080,1920,10.0,0.6,2.1,2.2,0.05,0.17,0.19,2,7,7,7.9,5.3,2.1,0.7,0.45,0.18,25,17,7,145950745907.0,,,986.0,548.0,1000.0,556.0,973.0,539.0,0.06604,0.09142,-0.99362,-0.04897,0.07983,-0.9956,3.778,3.702,3.736,Valid,Valid,269.4,114.6,641.6,335.2,117.1,640.0,312.0,173.6,303.7,168.4,0.5137,0.5072,0.5207,0.515,0.5068,0.4995,Screen Recording,Screen Recording Recording20.mp4,1920.0,1080.0,0.0,0.0,1920.0,1080.0,Fixation,233.0,184.0,986.0,543.0,0.5135,0.5031,,,,,,,,,,,,no hit,0
65,89003138,145885074452,Eye Tracker,IdentiGaze-prototype,2023-03-30,chungha,Recording20,2023-03-20,2023-03-20,14:11:59.980,05:11:59.980,270054,Timeline1,Tobii I-VT (Fixation),1.207.44884,1080,1920,10.0,0.6,2.1,2.2,0.05,0.17,0.19,2,7,7,7.9,5.3,2.1,0.7,0.45,0.18,25,17,7,145950754241.0,,,985.0,549.0,998.0,553.0,972.0,545.0,0.06505,0.09012,-0.9938,-0.04931,0.08237,-0.99538,3.769,3.722,3.748,Valid,Valid,269.4,114.6,641.6,335.2,117.0,640.1,311.4,172.7,303.5,170.0,0.513,0.5084,0.5196,0.5125,0.5065,0.5043,Screen Recording,Screen Recording Recording20.mp4,1920.0,1080.0,0.0,0.0,1920.0,1080.0,Fixation,233.0,184.0,986.0,543.0,0.5135,0.5031,,,,,,,,,,,,no hit,0
66,89011470,145885082784,Eye Tracker,IdentiGaze-prototype,2023-03-30,chungha,Recording20,2023-03-20,2023-03-20,14:11:59.980,05:11:59.980,270054,Timeline1,Tobii I-VT (Fixation),1.207.44884,1080,1920,10.0,0.6,2.1,2.2,0.05,0.17,0.19,2,7,7,7.9,5.3,2.1,0.7,0.45,0.18,25,17,7,145950762573.0,,,980.0,551.0,993.0,558.0,966.0,543.0,0.06295,0.09234,-0.99374,-0.05236,0.08156,-0.99529,3.781,3.719,3.751,Valid,Valid,269.4,114.5,641.6,335.2,117.0,640.0,310.0,174.2,301.5,169.5,0.5103,0.5098,0.5174,0.5167,0.5032,0.5028,Screen Recording,Screen Recording Recording20.mp4,1920.0,1080.0,0.0,0.0,1920.0,1080.0,Saccade,42.0,261.0,,,,,,,,,,,,,,,,no hit,0
67,89019805,145885091119,Eye Tracker,IdentiGaze-prototype,2023-03-30,chungha,Recording20,2023-03-20,2023-03-20,14:11:59.980,05:11:59.980,270054,Timeline1,Tobii I-VT (Fixation),1.207.44884,1080,1920,10.0,0.6,2.1,2.2,0.05,0.17,0.19,2,7,7,7.9,5.3,2.1,0.7,0.45,0.18,25,17,7,145950770907.0,,,915.0,549.0,932.0,560.0,899.0,537.0,0.03346,0.09323,-0.99508,-0.08475,0.0787,-0.99329,3.797,3.724,3.753,Valid,Valid,269.3,114.6,641.5,335.1,117.0,640.1,290.9,174.7,280.4,167.7,0.4767,0.5079,0.4854,0.5182,0.468,0.4976,Screen Recording,Screen Recording Recording20.mp4,1920.0,1080.0,0.0,0.0,1920.0,1080.0,Saccade,42.0,261.0,,,,,,,,,,,,,,,,no hit,0
68,89028138,145885099452,Eye Tracker,IdentiGaze-prototype,2023-03-30,chungha,Recording20,2023-03-20,2023-03-20,14:11:59.980,05:11:59.980,270054,Timeline1,Tobii I-VT (Fixation),1.207.44884,1080,1920,10.0,0.6,2.1,2.2,0.05,0.17,0.19,2,7,7,7.9,5.3,2.1,0.7,0.45,0.18,25,17,7,145950779240.0,,,835.0,526.0,853.0,530.0,817.0,523.0,-0.00453,0.07926,-0.99684,-0.1236,0.07138,-0.98976,3.802,3.751,3.753,Valid,Valid,269.2,114.4,641.8,334.9,117.0,640.2,266.2,165.5,254.9,163.2,0.4348,0.4875,0.4443,0.4909,0.4254,0.484,Screen Recording,Screen Recording Recording20.mp4,1920.0,1080.0,0.0,0.0,1920.0,1080.0,Saccade,42.0,261.0,,,,,,,,,,,,,,,,no hit,0
69,89036471,145885107785,Eye Tracker,IdentiGaze-prototype,2023-03-30,chungha,Recording20,2023-03-20,2023-03-20,14:11:59.980,05:11:59.980,270054,Timeline1,Tobii I-VT (Fixation),1.207.44884,1080,1920,10.0,0.6,2.1,2.2,0.05,0.17,0.19,2,7,7,7.9,5.3,2.1,0.7,0.45,0.18,25,17,7,145950787573.0,,,755.0,503.0,773.0,511.0,737.0,496.0,-0.04334,0.06975,-0.99662,-0.16096,0.05814,-0.98525,3.767,3.745,3.752,Valid,Valid,269.0,114.5,641.7,334.6,117.0,640.2,241.1,159.4,230.1,154.7,0.3931,0.4659,0.4024,0.4728,0.3839,0.4591,Screen Recording,Screen Recording Recording20.mp4,1920.0,1080.0,0.0,0.0,1920.0,1080.0,Saccade,42.0,261.0,,,,,,,,,,,,,,,,hit,0
70,89044806,145885116120,Eye Tracker,IdentiGaze-prototype,2023-03-30,chungha,Recording20,2023-03-20,2023-03-20,14:11:59.980,05:11:59.980,270054,Timeline1,Tobii I-VT (Fixation),1.207.44884,1080,1920,10.0,0.6,2.1,2.2,0.05,0.17,0.19,2,7,7,7.9,5.3,2.1,0.7,0.45,0.18,25,17,7,145950795907.0,,,701.0,476.0,722.0,484.0,680.0,468.0,-0.06753,0.05715,-0.99608,-0.18727,0.04457,-0.9813,3.775,3.725,3.752,Valid,Valid,268.9,114.4,641.9,334.5,117.0,640.0,225.4,151.2,212.4,146.1,0.3653,0.4409,0.3761,0.4486,0.3544,0.4333,Screen Recording,Screen Recording Recording20.mp4,1920.0,1080.0,0.0,0.0,1920.0,1080.0,Saccade,42.0,261.0,,,,,,,,,,,,,,,,hit,0
71,89053139,145885124453,Eye Tracker,IdentiGaze-prototype,2023-03-30,chungha,Recording20,2023-03-20,2023-03-20,14:11:59.980,05:11:59.980,270054,Timeline1,Tobii I-VT (Fixation),1.207.44884,1080,1920,10.0,0.6,2.1,2.2,0.05,0.17,0.19,2,7,7,7.9,5.3,2.1,0.7,0.45,0.18,25,17,7,145950804240.0,,,694.0,470.0,714.0,475.0,674.0,466.0,-0.07152,0.05236,-0.99606,-0.19042,0.0436,-0.98073,3.737,3.729,3.751,Valid,Valid,268.9,114.4,641.9,334.5,117.0,639.9,222.8,148.1,210.2,145.4,0.3613,0.4354,0.3718,0.4394,0.3508,0.4314,Screen Recording,Screen Recording Recording20.mp4,1920.0,1080.0,0.0,0.0,1920.0,1080.0,Fixation,567.0,185.0,706.0,472.0,0.3677,0.4374,,,,,,,,,,,,hit,1
72,89061472,145885132786,Eye Tracker,IdentiGaze-prototype,2023-03-30,chungha,Recording20,2023-03-20,2023-03-20,14:11:59.980,05:11:59.980,270054,Timeline1,Tobii I-VT (Fixation),1.207.44884,1080,1920,10.0,0.6,2.1,2.2,0.05,0.17,0.19,2,7,7,7.9,5.3,2.1,0.7,0.45,0.18,25,17,7,145950812573.0,,,715.0,478.0,734.0,493.0,695.0,463.0,-0.06181,0.06108,-0.99622,-0.18038,0.04216,-0.98269,3.805,3.726,3.758,Valid,Valid,268.9,114.4,641.8,334.5,117.0,639.9,229.0,153.7,217.0,144.4,0.3722,0.4422,0.3822,0.456,0.3622,0.4284,Screen Recording,Screen Recording Recording20.mp4,1920.0,1080.0,0.0,0.0,1920.0,1080.0,Fixation,567.0,185.0,706.0,472.0,0.3677,0.4374,,,,,,,,,,,,hit,0
73,89069807,145885141121,Eye Tracker,IdentiGaze-prototype,2023-03-30,chungha,Recording20,2023-03-20,2023-03-20,14:11:59.980,05:11:59.980,270054,Timeline1,Tobii I-VT (Fixation),1.207.44884,1080,1920,10.0,0.6,2.1,2.2,0.05,0.17,0.19,2,7,7,7.9,5.3,2.1,0.7,0.45,0.18,25,17,7,145950820907.0,,,708.0,476.0,729.0,489.0,687.0,463.0,-0.06401,0.05924,-0.99619,-0.1845,0.04246,-0.98192,3.809,3.718,3.765,Valid,Valid,268.9,114.3,641.8,334.5,116.9,640.0,227.6,152.5,214.3,144.6,0.3687,0.4407,0.3799,0.4525,0.3576,0.4289,Screen Recording,Screen Recording Recording20.mp4,1920.0,1080.0,0.0,0.0,1920.0,1080.0,Fixation,567.0,185.0,706.0,472.0,0.3677,0.4374,,,,,,,,,,,,hit,0
74,89078140,145885149454,Eye Tracker,IdentiGaze-prototype,2023-03-30,chungha,Recording20,2023-03-20,2023-03-20,14:11:59.980,05:11:59.980,270054,Timeline1,Tobii I-VT (Fixation),1.207.44884,1080,1920,10.0,0.6,2.1,2.2,0.05,0.17,0.19,2,7,7,7.9,5.3,2.1,0.7,0.45,0.18,25,17,7,145950829240.0,,,710.0,477.0,729.0,480.0,690.0,474.0,-0.06418,0.05519,-0.99641,-0.18277,0.04759,-0.982,3.791,3.759,3.765,Valid,Valid,268.9,114.4,641.7,334.5,116.9,640.0,227.5,149.9,215.4,147.9,0.3696,0.4418,0.3797,0.4447,0.3595,0.4388,Screen Recording,Screen Recording Recording20.mp4,1920.0,1080.0,0.0,0.0,1920.0,1080.0,Fixation,567.0,185.0,706.0,472.0,0.3677,0.4374,,,,,,,,,,,,hit,0
75,89086473,145885157787,Eye Tracker,IdentiGaze-prototype,2023-03-30,chungha,Recording20,2023-03-20,2023-03-20,14:11:59.980,05:11:59.980,270054,Timeline1,Tobii I-VT (Fixation),1.207.44884,1080,1920,10.0,0.6,2.1,2.2,0.05,0.17,0.19,2,7,7,7.9,5.3,2.1,0.7,0.45,0.18,25,17,7,145950837573.0,,,711.0,480.0,733.0,491.0,689.0,468.0,-0.06215,0.06021,-0.99625,-0.18356,0.04499,-0.98198,3.808,3.725,3.767,Valid,Valid,268.9,114.4,641.7,334.5,116.9,640.0,228.8,153.2,214.9,146.2,0.3702,0.4441,0.3819,0.4544,0.3586,0.4338,Screen Recording,Screen Recording Recording20.mp4,1920.0,1080.0,0.0,0.0,1920.0,1080.0,Fixation,567.0,185.0,706.0,472.0,0.3677,0.4374,,,,,,,,,,,,hit,0
76,89094807,145885166121,Eye Tracker,IdentiGaze-prototype,2023-03-30,chungha,Recording20,2023-03-20,2023-03-20,14:11:59.980,05:11:59.980,270054,Timeline1,Tobii I-VT (Fixation),1.207.44884,1080,1920,10.0,0.6,2.1,2.2,0.05,0.17,0.19,2,7,7,7.9,5.3,2.1,0.7,0.45,0.18,25,17,7,145950845907.0,,,708.0,469.0,727.0,481.0,689.0,457.0,-0.06506,0.05559,-0.99633,-0.18334,0.0394,-0.98226,3.805,3.706,3.769,Valid,Valid,268.8,114.4,641.6,334.5,116.9,640.0,226.9,150.2,215.1,142.5,0.3688,0.4342,0.3787,0.4456,0.3589,0.4229,Screen Recording,Screen Recording Recording20.mp4,1920.0,1080.0,0.0,0.0,1920.0,1080.0,Fixation,567.0,185.0,706.0,472.0,0.3677,0.4374,,,,,,,,,,,,hit,1
77,89103141,145885174455,Eye Tracker,IdentiGaze-prototype,2023-03-30,chungha,Recording20,2023-03-20,2023-03-20,14:11:59.980,05:11:59.980,270054,Timeline1,Tobii I-VT (Fixation),1.207.44884,1080,1920,10.0,0.6,2.1,2.2,0.05,0.17,0.19,2,7,7,7.9,5.3,2.1,0.7,0.45,0.18,25,17,7,145950854240.0,,,706.0,477.0,728.0,492.0,685.0,463.0,-0.0645,0.06056,-0.99608,-0.18543,0.04222,-0.98175,3.815,3.733,3.768,Valid,Valid,268.8,114.4,641.5,334.5,116.9,639.9,227.3,153.4,213.7,144.4,0.3679,0.4418,0.3793,0.4552,0.3565,0.4284,Screen Recording,Screen Recording Recording20.mp4,1920.0,1080.0,0.0,0.0,1920.0,1080.0,Fixation,567.0,185.0,706.0,472.0,0.3677,0.4374,,,,,,,,,,,,hit,0
78,89111474,145885182788,Eye Tracker,IdentiGaze-prototype,2023-03-30,chungha,Recording20,2023-03-20,2023-03-20,14:11:59.980,05:11:59.980,270054,Timeline1,Tobii I-VT (Fixation),1.207.44884,1080,1920,10.0,0.6,2.1,2.2,0.05,0.17,0.19,2,7,7,7.9,5.3,2.1,0.7,0.45,0.18,25,17,7,145950862573.0,,,707.0,470.0,726.0,480.0,687.0,460.0,-0.06538,0.05507,-0.99634,-0.18417,0.04111,-0.98204,3.791,3.746,3.764,Valid,Valid,268.8,114.4,641.5,334.5,116.9,639.9,226.7,149.8,214.5,143.7,0.3681,0.4354,0.3783,0.4445,0.3579,0.4262,Screen Recording,Screen Recording Recording20.mp4,1920.0,1080.0,0.0,0.0,1920.0,1080.0,Fixation,567.0,185.0,706.0,472.0,0.3677,0.4374,,,,,,,,,,,,hit,1
79,89119807,145885191121,Eye Tracker,IdentiGaze-prototype,2023-03-30,chungha,Recording20,2023-03-20,2023-03-20,14:11:59.980,05:11:59.980,270054,Timeline1,Tobii I-VT (Fixation),1.207.44884,1080,1920,10.0,0.6,2.1,2.2,0.05,0.17,0.19,2,7,7,7.9,5.3,2.1,0.7,0.45,0.18,25,17,7,145950870906.0,,,706.0,463.0,727.0,478.0,685.0,447.0,-0.06521,0.05395,-0.99641,-0.18526,0.03488,-0.98207,3.794,3.732,3.765,Valid,Valid,268.8,114.4,641.5,334.5,116.9,639.8,226.8,149.1,213.8,139.6,0.3676,0.4284,0.3785,0.4425,0.3568,0.4142,Screen Recording,Screen Recording Recording20.mp4,1920.0,1080.0,0.0,0.0,1920.0,1080.0,Fixation,567.0,185.0,706.0,472.0,0.3677,0.4374,,,,,,,,,,,,hit,1
80,89128142,145885199456,Eye Tracker,IdentiGaze-prototype,2023-03-30,chungha,Recording20,2023-03-20,2023-03-20,14:11:59.980,05:11:59.980,270054,Timeline1,Tobii I-VT (Fixation),1.207.44884,1080,1920,10.0,0.6,2.1,2.2,0.05,0.17,0.19,2,7,7,7.9,5.3,2.1,0.7,0.45,0.18,25,17,7,145950879240.0,,,706.0,466.0,726.0,483.0,685.0,449.0,-0.06533,0.05649,-0.99626,-0.18517,0.03562,-0.98206,3.797,3.717,3.771,Valid,Valid,268.8,114.4,641.6,334.5,116.9,639.7,226.7,150.7,213.8,140.1,0.3676,0.4314,0.3783,0.4472,0.3568,0.4157,Screen Recording,Screen Recording Recording20.mp4,1920.0,1080.0,0.0,0.0,1920.0,1080.0,Fixation,567.0,185.0,706.0,472.0,0.3677,0.4374,,,,,,,,,,,,hit,1
81,89136475,145885207789,Eye Tracker,IdentiGaze-prototype,2023-03-30,chungha,Recording20,2023-03-20,2023-03-20,14:11:59.980,05:11:59.980,270054,Timeline1,Tobii I-VT (Fixation),1.207.44884,1080,1920,10.0,0.6,2.1,2.2,0.05,0.17,0.19,2,7,7,7.9,5.3,2.1,0.7,0.45,0.18,25,17,7,145950887573.0,,,709.0,475.0,728.0,496.0,690.0,455.0,-0.06456,0.06273,-0.99594,-0.18266,0.03846,-0.98242,3.833,3.746,3.773,Valid,Valid,268.7,114.4,641.6,334.4,116.9,639.8,227.1,154.8,215.5,141.9,0.3693,0.4401,0.3791,0.4592,0.3596,0.4211,Screen Recording,Screen Recording Recording20.mp4,1920.0,1080.0,0.0,0.0,1920.0,1080.0,Fixation,567.0,185.0,706.0,472.0,0.3677,0.4374,,,,,,,,,,,,hit,0
82,89144812,145885216126,Eye Tracker,IdentiGaze-prototype,2023-03-30,chungha,Recording20,2023-03-20,2023-03-20,14:11:59.980,05:11:59.980,270054,Timeline1,Tobii I-VT (Fixation),1.207.44884,1080,1920,10.0,0.6,2.1,2.2,0.05,0.17,0.19,2,7,7,7.9,5.3,2.1,0.7,0.45,0.18,25,17,7,145950895910.0,,,708.0,470.0,725.0,486.0,691.0,454.0,-0.06614,0.05774,-0.99614,-0.18256,0.03836,-0.98245,3.815,3.749,3.781,Valid,Valid,268.7,114.4,641.5,334.4,116.9,639.8,226.1,151.6,215.5,141.8,0.3685,0.4353,0.3774,0.4498,0.3597,0.4208,Screen Recording,Screen Recording Recording20.mp4,1920.0,1080.0,0.0,0.0,1920.0,1080.0,Fixation,567.0,185.0,706.0,472.0,0.3677,0.4374,,,,,,,,,,,,hit,1
83,89153147,145885224461,Eye Tracker,IdentiGaze-prototype,2023-03-30,chungha,Recording20,2023-03-20,2023-03-20,14:11:59.980,05:11:59.980,270054,Timeline1,Tobii I-VT (Fixation),1.207.44884,1080,1920,10.0,0.6,2.1,2.2,0.05,0.17,0.19,2,7,7,7.9,5.3,2.1,0.7,0.45,0.18,25,17,7,145950904244.0,,,709.0,470.0,728.0,488.0,689.0,452.0,-0.06424,0.05901,-0.99619,-0.18335,0.03733,-0.98234,3.82,3.732,3.781,Valid,Valid,268.7,114.4,641.4,334.4,116.9,639.8,227.3,152.4,215.0,141.2,0.3691,0.4355,0.3794,0.4522,0.3588,0.4188,Screen Recording,Screen Recording Recording20.mp4,1920.0,1080.0,0.0,0.0,1920.0,1080.0,Fixation,567.0,185.0,706.0,472.0,0.3677,0.4374,,,,,,,,,,,,hit,1
84,89161480,145885232794,Eye Tracker,IdentiGaze-prototype,2023-03-30,chungha,Recording20,2023-03-20,2023-03-20,14:11:59.980,05:11:59.980,270054,Timeline1,Tobii I-VT (Fixation),1.207.44884,1080,1920,10.0,0.6,2.1,2.2,0.05,0.17,0.19,2,7,7,7.9,5.3,2.1,0.7,0.45,0.18,25,17,7,145950912577.0,,,704.0,470.0,722.0,480.0,687.0,459.0,-0.06746,0.05498,-0.99621,-0.18423,0.04057,-0.98205,3.8,3.748,3.782,Valid,Valid,268.7,114.5,641.3,334.4,116.9,639.8,225.3,149.9,214.4,143.3,0.3668,0.4349,0.3759,0.4447,0.3578,0.4251,Screen Recording,Screen Recording Recording20.mp4,1920.0,1080.0,0.0,0.0,1920.0,1080.0,Fixation,567.0,185.0,706.0,472.0,0.3677,0.4374,,,,,,,,,,,,hit,1
85,89169813,145885241127,Eye Tracker,IdentiGaze-prototype,2023-03-30,chungha,Recording20,2023-03-20,2023-03-20,14:11:59.980,05:11:59.980,270054,Timeline1,Tobii I-VT (Fixation),1.207.44884,1080,1920,10.0,0.6,2.1,2.2,0.05,0.17,0.19,2,7,7,7.9,5.3,2.1,0.7,0.45,0.18,25,17,7,145950920910.0,,,702.0,472.0,716.0,478.0,689.0,467.0,-0.07044,0.05362,-0.99607,-0.1834,0.04438,-0.98204,3.787,3.762,3.79,Valid,Valid,268.7,114.5,641.3,334.4,116.9,639.7,223.3,149.0,214.9,145.8,0.3657,0.4373,0.3727,0.4422,0.3587,0.4325,Screen Recording,Screen Recording Recording20.mp4,1920.0,1080.0,0.0,0.0,1920.0,1080.0,Fixation,567.0,185.0,706.0,472.0,0.3677,0.4374,,,,,,,,,,,,hit,0
86,89178148,145885249462,Eye Tracker,IdentiGaze-prototype,2023-03-30,chungha,Recording20,2023-03-20,2023-03-20,14:11:59.980,05:11:59.980,270054,Timeline1,Tobii I-VT (Fixation),1.207.44884,1080,1920,10.0,0.6,2.1,2.2,0.05,0.17,0.19,2,7,7,7.9,5.3,2.1,0.7,0.45,0.18,25,17,7,145950929244.0,,,704.0,478.0,719.0,489.0,689.0,466.0,-0.06866,0.05935,-0.99587,-0.18333,0.04385,-0.98207,3.822,3.787,3.792,Valid,Valid,268.7,114.5,641.3,334.4,116.9,639.7,224.5,152.8,215.0,145.5,0.3667,0.4424,0.3746,0.4532,0.3588,0.4315,Screen Recording,Screen Recording Recording20.mp4,1920.0,1080.0,0.0,0.0,1920.0,1080.0,Fixation,567.0,185.0,706.0,472.0,0.3677,0.4374,,,,,,,,,,,,hit,0
87,89186481,145885257795,Eye Tracker,IdentiGaze-prototype,2023-03-30,chungha,Recording20,2023-03-20,2023-03-20,14:11:59.980,05:11:59.980,270054,Timeline1,Tobii I-VT (Fixation),1.207.44884,1080,1920,10.0,0.6,2.1,2.2,0.05,0.17,0.19,2,7,7,7.9,5.3,2.1,0.7,0.45,0.18,25,17,7,145950937577.0,,,706.0,470.0,722.0,483.0,689.0,457.0,-0.06713,0.05629,-0.99615,-0.18346,0.03973,-0.98222,3.835,3.76,3.798,Valid,Valid,268.7,114.6,641.2,334.4,116.9,639.7,225.5,150.8,214.9,142.8,0.3675,0.4355,0.3763,0.4474,0.3587,0.4236,Screen Recording,Screen Recording Recording20.mp4,1920.0,1080.0,0.0,0.0,1920.0,1080.0,Fixation,567.0,185.0,706.0,472.0,0.3677,0.4374,,,,,,,,,,,,hit,1
88,89194815,145885266129,Eye Tracker,IdentiGaze-prototype,2023-03-30,chungha,Recording20,2023-03-20,2023-03-20,14:11:59.980,05:11:59.980,270054,Timeline1,Tobii I-VT (Fixation),1.207.44884,1080,1920,10.0,0.6,2.1,2.2,0.05,0.17,0.19,2,7,7,7.9,5.3,2.1,0.7,0.45,0.18,25,17,7,145950945911.0,,,702.0,471.0,719.0,483.0,684.0,459.0,-0.06861,0.05627,-0.99606,-0.18544,0.04059,-0.98182,3.834,3.764,3.799,Valid,Valid,268.7,114.6,641.2,334.4,116.9,639.6,224.5,150.8,213.6,143.4,0.3656,0.4364,0.3747,0.4475,0.3564,0.4254,Screen Recording,Screen Recording Recording20.mp4,1920.0,1080.0,0.0,0.0,1920.0,1080.0,Fixation,567.0,185.0,706.0,472.0,0.3677,0.4374,,,,,,,,,,,,hit,0
89,89203149,145885274463,Eye Tracker,IdentiGaze-prototype,2023-03-30,chungha,Recording20,2023-03-20,2023-03-20,14:11:59.980,05:11:59.980,270054,Timeline1,Tobii I-VT (Fixation),1.207.44884,1080,1920,10.0,0.6,2.1,2.2,0.05,0.17,0.19,2,7,7,7.9,5.3,2.1,0.7,0.45,0.18,25,17,7,145950954244.0,,,701.0,474.0,719.0,492.0,684.0,457.0,-0.06894,0.06062,-0.99578,-0.18558,0.03915,-0.98185,3.846,3.761,3.799,Valid,Valid,268.7,114.6,641.2,334.4,117.0,639.6,224.3,153.7,213.5,142.5,0.3653,0.4393,0.3743,0.4559,0.3563,0.4227,Screen Recording,Screen Recording Recording20.mp4,1920.0,1080.0,0.0,0.0,1920.0,1080.0,Fixation,567.0,185.0,706.0,472.0,0.3677,0.4374,,,,,,,,,,,,hit,0
90,89211482,145885282796,Eye Tracker,IdentiGaze-prototype,2023-03-30,chungha,Recording20,2023-03-20,2023-03-20,14:11:59.980,05:11:59.980,270054,Timeline1,Tobii I-VT (Fixation),1.207.44884,1080,1920,10.0,0.6,2.1,2.2,0.05,0.17,0.19,2,7,7,7.9,5.3,2.1,0.7,0.45,0.18,25,17,7,145950962577.0,,,705.0,473.0,721.0,489.0,689.0,457.0,-0.06782,0.05884,-0.99596,-0.18345,0.03944,-0.98224,3.841,3.765,3.8,Valid,Valid,268.7,114.6,641.2,334.4,117.0,639.5,225.0,152.5,215.0,142.7,0.3671,0.4379,0.3755,0.4525,0.3588,0.4234,Screen Recording,Screen Recording Recording20.mp4,1920.0,1080.0,0.0,0.0,1920.0,1080.0,Fixation,567.0,185.0,706.0,472.0,0.3677,0.4374,,,,,,,,,,,,hit,0
91,89219815,145885291129,Eye Tracker,IdentiGaze-prototype,2023-03-30,chungha,Recording20,2023-03-20,2023-03-20,14:11:59.980,05:11:59.980,270054,Timeline1,Tobii I-VT (Fixation),1.207.44884,1080,1920,10.0,0.6,2.1,2.2,0.05,0.17,0.19,2,7,7,7.9,5.3,2.1,0.7,0.45,0.18,25,17,7,145950970910.0,,,698.0,472.0,713.0,479.0,684.0,466.0,-0.07195,0.05432,-0.99593,-0.18565,0.0433,-0.98166,3.819,3.784,3.803,Valid,Valid,268.7,114.7,641.1,334.4,117.1,639.3,222.4,149.6,213.5,145.3,0.3637,0.4375,0.3711,0.4439,0.3563,0.4311,Screen Recording,Screen Recording Recording20.mp4,1920.0,1080.0,0.0,0.0,1920.0,1080.0,Fixation,567.0,185.0,706.0,472.0,0.3677,0.4374,,,,,,,,,,,,hit,0
92,89228150,145885299464,Eye Tracker,IdentiGaze-prototype,2023-03-30,chungha,Recording20,2023-03-20,2023-03-20,14:11:59.980,05:11:59.980,270054,Timeline1,Tobii I-VT (Fixation),1.207.44884,1080,1920,10.0,0.6,2.1,2.2,0.05,0.17,0.19,2,7,7,7.9,5.3,2.1,0.7,0.45,0.18,25,17,7,145950979244.0,,,703.0,472.0,716.0,485.0,689.0,459.0,-0.07041,0.05686,-0.9959,-0.18327,0.03999,-0.98225,3.836,3.761,3.802,Valid,Valid,268.7,114.7,641.1,334.4,117.1,639.3,223.4,151.3,215.2,143.1,0.3659,0.4367,0.3728,0.4488,0.359,0.4246,Screen Recording,Screen Recording Recording20.mp4,1920.0,1080.0,0.0,0.0,1920.0,1080.0,Fixation,567.0,185.0,706.0,472.0,0.3677,0.4374,,,,,,,,,,,,hit,0
93,89236483,145885307797,Eye Tracker,IdentiGaze-prototype,2023-03-30,chungha,Recording20,2023-03-20,2023-03-20,14:11:59.980,05:11:59.980,270054,Timeline1,Tobii I-VT (Fixation),1.207.44884,1080,1920,10.0,0.6,2.1,2.2,0.05,0.17,0.19,2,7,7,7.9,5.3,2.1,0.7,0.45,0.18,25,17,7,145950987577.0,,,705.0,476.0,726.0,488.0,684.0,463.0,-0.06546,0.05851,-0.99614,-0.18559,0.04221,-0.98172,3.855,3.768,3.804,Valid,Valid,268.8,114.7,641.0,334.5,117.2,639.2,226.7,152.4,213.6,144.6,0.3674,0.4406,0.3782,0.452,0.3565,0.4291,Screen Recording,Screen Recording Recording20.mp4,1920.0,1080.0,0.0,0.0,1920.0,1080.0,Fixation,567.0,185.0,706.0,472.0,0.3677,0.4374,,,,,,,,,,,,hit,0
94,89244817,145885316131,Eye Tracker,IdentiGaze-prototype,2023-03-30,chungha,Recording20,2023-03-20,2023-03-20,14:11:59.980,05:11:59.980,270054,Timeline1,Tobii I-VT (Fixation),1.207.44884,1080,1920,10.0,0.6,2.1,2.2,0.05,0.17,0.19,2,7,7,7.9,5.3,2.1,0.7,0.45,0.18,25,17,7,145950995911.0,,,703.0,474.0,718.0,482.0,688.0,466.0,-0.06962,0.05537,-0.99604,-0.18383,0.04364,-0.98199,3.824,3.774,3.803,Valid,Valid,268.8,114.8,641.0,334.5,117.1,639.4,224.0,150.4,214.8,145.5,0.3661,0.4389,0.3738,0.4461,0.3585,0.4317,Screen Recording,Screen Recording Recording20.mp4,1920.0,1080.0,0.0,0.0,1920.0,1080.0,Fixation,567.0,185.0,706.0,472.0,0.3677,0.4374,,,,,,,,,,,,hit,0
95,89253150,145885324464,Eye Tracker,IdentiGaze-prototype,2023-03-30,chungha,Recording20,2023-03-20,2023-03-20,14:11:59.980,05:11:59.980,270054,Timeline1,Tobii I-VT (Fixation),1.207.44884,1080,1920,10.0,0.6,2.1,2.2,0.05,0.17,0.19,2,7,7,7.9,5.3,2.1,0.7,0.45,0.18,25,17,7,145951004244.0,,,705.0,474.0,726.0,484.0,684.0,463.0,-0.06566,0.05652,-0.99624,-0.18582,0.04201,-0.98168,3.834,3.776,3.807,Valid,Valid,268.8,114.8,640.9,334.5,117.1,639.4,226.6,151.1,213.5,144.5,0.3672,0.4385,0.3781,0.4483,0.3563,0.4286,Screen Recording,Screen Recording Recording20.mp4,1920.0,1080.0,0.0,0.0,1920.0,1080.0,Fixation,567.0,185.0,706.0,472.0,0.3677,0.4374,,,,,,,,,,,,hit,0
96,89261484,145885332798,Eye Tracker,IdentiGaze-prototype,2023-03-30,chungha,Recording20,2023-03-20,2023-03-20,14:11:59.980,05:11:59.980,270054,Timeline1,Tobii I-VT (Fixation),1.207.44884,1080,1920,10.0,0.6,2.1,2.2,0.05,0.17,0.19,2,7,7,7.9,5.3,2.1,0.7,0.45,0.18,25,17,7,145951012577.0,,,703.0,472.0,725.0,484.0,680.0,461.0,-0.06605,0.05635,-0.99622,-0.18761,0.04096,-0.98139,3.844,3.771,3.807,Valid,Valid,268.9,114.8,640.9,334.6,117.1,639.4,226.4,151.0,212.4,143.8,0.3661,0.4374,0.3778,0.4481,0.3544,0.4267,Screen Recording,Screen Recording Recording20.mp4,1920.0,1080.0,0.0,0.0,1920.0,1080.0,Fixation,567.0,185.0,706.0,472.0,0.3677,0.4374,,,,,,,,,,,,hit,0
97,89269817,145885341131,Eye Tracker,IdentiGaze-prototype,2023-03-30,chungha,Recording20,2023-03-20,2023-03-20,14:11:59.980,05:11:59.980,270054,Timeline1,Tobii I-VT (Fixation),1.207.44884,1080,1920,10.0,0.6,2.1,2.2,0.05,0.17,0.19,2,7,7,7.9,5.3,2.1,0.7,0.45,0.18,25,17,7,145951020910.0,,,703.0,480.0,721.0,489.0,685.0,471.0,-0.06815,0.05857,-0.99595,-0.18569,0.04557,-0.98155,3.849,3.767,3.807,Valid,Valid,268.9,114.8,640.9,334.6,117.2,639.3,225.1,152.5,213.7,146.9,0.3661,0.444,0.3756,0.4524,0.3566,0.4357,Screen Recording,Screen Recording Recording20.mp4,1920.0,1080.0,0.0,0.0,1920.0,1080.0,Fixation,567.0,185.0,706.0,472.0,0.3677,0.4374,,,,,,,,,,,,hit,0
98,89278151,145885349465,Eye Tracker,IdentiGaze-prototype,2023-03-30,chungha,Recording20,2023-03-20,2023-03-20,14:11:59.980,05:11:59.980,270054,Timeline1,Tobii I-VT (Fixation),1.207.44884,1080,1920,10.0,0.6,2.1,2.2,0.05,0.17,0.19,2,7,7,7.9,5.3,2.1,0.7,0.45,0.18,25,17,7,145951029244.0,,,704.0,480.0,719.0,490.0,689.0,470.0,-0.06934,0.05918,-0.99584,-0.18376,0.04537,-0.98192,3.858,3.754,3.807,Valid,Valid,269.0,114.8,641.0,334.7,117.2,639.2,224.3,152.9,215.0,146.8,0.3666,0.4445,0.3744,0.4535,0.3588,0.4354,Screen Recording,Screen Recording Recording20.mp4,1920.0,1080.0,0.0,0.0,1920.0,1080.0,Fixation,567.0,185.0,706.0,472.0,0.3677,0.4374,,,,,,,,,,,,hit,0
99,89286486,145885357800,Eye Tracker,IdentiGaze-prototype,2023-03-30,chungha,Recording20,2023-03-20,2023-03-20,14:11:59.980,05:11:59.980,270054,Timeline1,Tobii I-VT (Fixation),1.207.44884,1080,1920,10.0,0.6,2.1,2.2,0.05,0.17,0.19,2,7,7,7.9,5.3,2.1,0.7,0.45,0.18,25,17,7,145951037578.0,,,709.0,478.0,724.0,484.0,693.0,473.0,-0.0669,0.05634,-0.99617,-0.18182,0.0465,-0.98223,3.843,3.77,3.807,Valid,Valid,269.0,114.8,640.9,334.7,117.3,639.2,226.0,151.0,216.4,147.5,0.3691,0.4429,0.3771,0.4481,0.3611,0.4377,Screen Recording,Screen Recording Recording20.mp4,1920.0,1080.0,0.0,0.0,1920.0,1080.0,Fixation,567.0,185.0,706.0,472.0,0.3677,0.4374,,,,,,,,,,,,hit,0
100,89294819,145885366133,Eye Tracker,IdentiGaze-prototype,2023-03-30,chungha,Recording20,2023-03-20,2023-03-20,14:11:59.980,05:11:59.980,270054,Timeline1,Tobii I-VT (Fixation),1.207.44884,1080,1920,10.0,0.6,2.1,2.2,0.05,0.17,0.19,2,7,7,7.9,5.3,2.1,0.7,0.45,0.18,25,17,7,145951045911.0,,,707.0,477.0,726.0,486.0,688.0,468.0,-0.06609,0.05702,-0.99618,-0.18442,0.0443,-0.98185,3.838,3.771,3.809,Valid,Valid,269.1,114.9,640.8,334.7,117.3,639.2,226.6,151.5,214.7,146.1,0.3682,0.4415,0.3781,0.4495,0.3582,0.4335,Screen Recording,Screen Recording Recording20.mp4,1920.0,1080.0,0.0,0.0,1920.0,1080.0,Fixation,567.0,185.0,706.0,472.0,0.3677,0.4374,,,,,,,,,,,,hit,0
101,89303153,145885374467,Eye Tracker,IdentiGaze-prototype,2023-03-30,chungha,Recording20,2023-03-20,2023-03-20,14:11:59.980,05:11:59.980,270054,Timeline1,Tobii I-VT (Fixation),1.207.44884,1080,1920,10.0,0.6,2.1,2.2,0.05,0.17,0.19,2,7,7,7.9,5.3,2.1,0.7,0.45,0.18,25,17,7,145951054245.0,,,703.0,472.0,722.0,483.0,685.0,461.0,-0.06804,0.05567,-0.99613,-0.18602,0.04106,-0.98169,3.847,3.759,3.809,Valid,Valid,269.1,114.9,640.8,334.8,117.2,639.4,225.3,150.7,213.6,144.0,0.3663,0.4371,0.376,0.447,0.3565,0.4271,Screen Recording,Screen Recording Recording20.mp4,1920.0,1080.0,0.0,0.0,1920.0,1080.0,Fixation,567.0,185.0,706.0,472.0,0.3677,0.4374,,,,,,,,,,,,hit,0
102,89311487,145885382801,Eye Tracker,IdentiGaze-prototype,2023-03-30,chungha,Recording20,2023-03-20,2023-03-20,14:11:59.980,05:11:59.980,270054,Timeline1,Tobii I-VT (Fixation),1.207.44884,1080,1920,10.0,0.6,2.1,2.2,0.05,0.17,0.19,2,7,7,7.9,5.3,2.1,0.7,0.45,0.18,25,17,7,145951062578.0,,,704.0,474.0,723.0,480.0,686.0,467.0,-0.0678,0.05454,-0.99621,-0.18549,0.0436,-0.98168,3.849,3.772,3.81,Valid,Valid,269.1,114.8,640.9,334.8,117.3,639.3,225.5,149.9,214.0,145.7,0.3668,0.4384,0.3763,0.4447,0.3572,0.4322,Screen Recording,Screen Recording Recording20.mp4,1920.0,1080.0,0.0,0.0,1920.0,1080.0,Fixation,567.0,185.0,706.0,472.0,0.3677,0.4374,,,,,,,,,,,,hit,0
103,89319820,145885391134,Eye Tracker,IdentiGaze-prototype,2023-03-30,chungha,Recording20,2023-03-20,2023-03-20,14:11:59.980,05:11:59.980,270054,Timeline1,Tobii I-VT (Fixation),1.207.44884,1080,1920,10.0,0.6,2.1,2.2,0.05,0.17,0.19,2,7,7,7.9,5.3,2.1,0.7,0.45,0.18,25,17,7,145951070911.0,,,712.0,478.0,730.0,488.0,694.0,469.0,-0.06417,0.05807,-0.99625,-0.18155,0.04483,-0.98236,3.852,3.772,3.804,Valid,Valid,269.2,114.8,640.9,334.9,117.3,639.1,227.9,152.2,216.7,146.5,0.371,0.443,0.3803,0.4514,0.3617,0.4347,Screen Recording,Screen Recording Recording20.mp4,1920.0,1080.0,0.0,0.0,1920.0,1080.0,Fixation,567.0,185.0,706.0,472.0,0.3677,0.4374,,,,,,,,,,,,hit,0
104,89328153,145885399467,Eye Tracker,IdentiGaze-prototype,2023-03-30,chungha,Recording20,2023-03-20,2023-03-20,14:11:59.980,05:11:59.980,270054,Timeline1,Tobii I-VT (Fixation),1.207.44884,1080,1920,10.0,0.6,2.1,2.2,0.05,0.17,0.19,2,7,7,7.9,5.3,2.1,0.7,0.45,0.18,25,17,7,145951079244.0,,,709.0,477.0,727.0,490.0,690.0,464.0,-0.06585,0.05939,-0.99606,-0.18358,0.04204,-0.98211,3.859,3.754,3.801,Valid,Valid,269.2,114.8,640.8,334.9,117.3,639.1,226.9,153.0,215.4,144.7,0.369,0.4416,0.3786,0.4539,0.3595,0.4293,Screen Recording,Screen Recording Recording20.mp4,1920.0,1080.0,0.0,0.0,1920.0,1080.0,Fixation,567.0,185.0,706.0,472.0,0.3677,0.4374,,,,,,,,,,,,hit,0
105,89336488,145885407802,Eye Tracker,IdentiGaze-prototype,2023-03-30,chungha,Recording20,2023-03-20,2023-03-20,14:11:59.980,05:11:59.980,270054,Timeline1,Tobii I-VT (Fixation),1.207.44884,1080,1920,10.0,0.6,2.1,2.2,0.05,0.17,0.19,2,7,7,7.9,5.3,2.1,0.7,0.45,0.18,25,17,7,145951087578.0,,,704.0,472.0,723.0,486.0,686.0,459.0,-0.06793,0.05741,-0.99604,-0.18564,0.03972,-0.98181,3.841,3.752,3.797,Valid,Valid,269.3,114.8,640.8,334.9,117.3,639.2,225.6,151.7,214.1,143.2,0.3668,0.4375,0.3764,0.4502,0.3573,0.4248,Screen Recording,Screen Recording Recording20.mp4,1920.0,1080.0,0.0,0.0,1920.0,1080.0,Fixation,567.0,185.0,706.0,472.0,0.3677,0.4374,,,,,,,,,,,,hit,0
106,89344822,145885416136,Eye Tracker,IdentiGaze-prototype,2023-03-30,chungha,Recording20,2023-03-20,2023-03-20,14:11:59.980,05:11:59.980,270054,Timeline1,Tobii I-VT (Fixation),1.207.44884,1080,1920,10.0,0.6,2.1,2.2,0.05,0.17,0.19,2,7,7,7.9,5.3,2.1,0.7,0.45,0.18,25,17,7,145951095912.0,,,705.0,472.0,726.0,484.0,683.0,460.0,-0.06637,0.05618,-0.99621,-0.18687,0.04032,-0.98156,3.832,3.737,3.794,Valid,Valid,269.3,114.8,640.8,335.0,117.3,639.2,226.6,150.9,213.3,143.6,0.367,0.4368,0.3781,0.4478,0.3559,0.4259,Screen Recording,Screen Recording Recording20.mp4,1920.0,1080.0,0.0,0.0,1920.0,1080.0,Fixation,567.0,185.0,706.0,472.0,0.3677,0.4374,,,,,,,,,,,,hit,0
107,89353155,145885424469,Eye Tracker,IdentiGaze-prototype,2023-03-30,chungha,Recording20,2023-03-20,2023-03-20,14:11:59.980,05:11:59.980,270054,Timeline1,Tobii I-VT (Fixation),1.207.44884,1080,1920,10.0,0.6,2.1,2.2,0.05,0.17,0.19,2,7,7,7.9,5.3,2.1,0.7,0.45,0.18,25,17,7,145951104245.0,,,705.0,465.0,728.0,468.0,683.0,461.0,-0.06556,0.0486,-0.99666,-0.18726,0.0409,-0.98146,3.82,3.748,3.79,Valid,Valid,269.3,114.8,640.8,335.0,117.3,639.3,227.2,146.0,213.1,143.9,0.3673,0.4301,0.3791,0.4332,0.3555,0.427,Screen Recording,Screen Recording Recording20.mp4,1920.0,1080.0,0.0,0.0,1920.0,1080.0,Fixation,567.0,185.0,706.0,472.0,0.3677,0.4374,,,,,,,,,,,,hit,1
108,89361489,145885432803,Eye Tracker,IdentiGaze-prototype,2023-03-30,chungha,Recording20,2023-03-20,2023-03-20,14:11:59.980,05:11:59.980,270054,Timeline1,Tobii I-VT (Fixation),1.207.44884,1080,1920,10.0,0.6,2.1,2.2,0.05,0.17,0.19,2,7,7,7.9,5.3,2.1,0.7,0.45,0.18,25,17,7,145951112578.0,,,704.0,468.0,725.0,476.0,683.0,460.0,-0.06689,0.05244,-0.99638,-0.18719,0.04035,-0.98149,3.839,3.73,3.79,Valid,Valid,269.3,114.8,640.8,335.1,117.3,639.2,226.3,148.5,213.1,143.6,0.3667,0.4333,0.3777,0.4406,0.3557,0.426,Screen Recording,Screen Recording Recording20.mp4,1920.0,1080.0,0.0,0.0,1920.0,1080.0,Fixation,567.0,185.0,706.0,472.0,0.3677,0.4374,,,,,,,,,,,,hit,1
109,89369823,145885441137,Eye Tracker,IdentiGaze-prototype,2023-03-30,chungha,Recording20,2023-03-20,2023-03-20,14:11:59.980,05:11:59.980,270054,Timeline1,Tobii I-VT (Fixation),1.207.44884,1080,1920,10.0,0.6,2.1,2.2,0.05,0.17,0.19,2,7,7,7.9,5.3,2.1,0.7,0.45,0.18,25,17,7,145951120912.0,,,706.0,467.0,728.0,469.0,684.0,466.0,-0.06565,0.04901,-0.99664,-0.18651,0.04321,-0.9815,3.817,3.75,3.788,Valid,Valid,269.4,114.8,640.8,335.1,117.3,639.1,227.2,146.3,213.6,145.5,0.3678,0.4327,0.3791,0.4339,0.3565,0.4316,Screen Recording,Screen Recording Recording20.mp4,1920.0,1080.0,0.0,0.0,1920.0,1080.0,Fixation,567.0,185.0,706.0,472.0,0.3677,0.4374,,,,,,,,,,,,hit,1
110,89378155,145885449469,Eye Tracker,IdentiGaze-prototype,2023-03-30,chungha,Recording20,2023-03-20,2023-03-20,14:11:59.980,05:11:59.980,270054,Timeline1,Tobii I-VT (Fixation),1.207.44884,1080,1920,10.0,0.6,2.1,2.2,0.05,0.17,0.19,2,7,7,7.9,5.3,2.1,0.7,0.45,0.18,25,17,7,145951129244.0,,,706.0,471.0,727.0,474.0,684.0,468.0,-0.06601,0.05178,-0.99647,-0.18673,0.04404,-0.98142,3.841,3.754,3.789,Valid,Valid,269.4,114.8,640.8,335.1,117.3,639.1,226.9,148.1,213.5,146.0,0.3675,0.4362,0.3787,0.4392,0.3563,0.4332,Screen Recording,Screen Recording Recording20.mp4,1920.0,1080.0,0.0,0.0,1920.0,1080.0,Fixation,567.0,185.0,706.0,472.0,0.3677,0.4374,,,,,,,,,,,,hit,0
111,89386489,145885457803,Eye Tracker,IdentiGaze-prototype,2023-03-30,chungha,Recording20,2023-03-20,2023-03-20,14:11:59.980,05:11:59.980,270054,Timeline1,Tobii I-VT (Fixation),1.207.44884,1080,1920,10.0,0.6,2.1,2.2,0.05,0.17,0.19,2,7,7,7.9,5.3,2.1,0.7,0.45,0.18,25,17,7,145951137578.0,,,708.0,470.0,726.0,470.0,690.0,469.0,-0.06656,0.04987,-0.99654,-0.18418,0.04475,-0.98187,3.825,3.757,3.788,Valid,Valid,269.4,114.8,640.8,335.1,117.3,639.1,226.6,146.8,215.2,146.5,0.3687,0.4351,0.3782,0.4356,0.3592,0.4345,Screen Recording,Screen Recording Recording20.mp4,1920.0,1080.0,0.0,0.0,1920.0,1080.0,Fixation,567.0,185.0,706.0,472.0,0.3677,0.4374,,,,,,,,,,,,hit,1
112,89394824,145885466138,Eye Tracker,IdentiGaze-prototype,2023-03-30,chungha,Recording20,2023-03-20,2023-03-20,14:11:59.980,05:11:59.980,270054,Timeline1,Tobii I-VT (Fixation),1.207.44884,1080,1920,10.0,0.6,2.1,2.2,0.05,0.17,0.19,2,7,7,7.9,5.3,2.1,0.7,0.45,0.18,25,17,7,145951145912.0,,,707.0,475.0,727.0,482.0,688.0,468.0,-0.06626,0.05559,-0.99625,-0.18491,0.04403,-0.98177,3.829,3.739,3.784,Valid,Valid,269.4,114.8,640.8,335.1,117.4,639.0,226.8,150.5,214.8,146.0,0.3684,0.4399,0.3785,0.4466,0.3584,0.4332,Screen Recording,Screen Recording Recording20.mp4,1920.0,1080.0,0.0,0.0,1920.0,1080.0,Fixation,567.0,185.0,706.0,472.0,0.3677,0.4374,,,,,,,,,,,,hit,0
113,89403157,145885474471,Eye Tracker,IdentiGaze-prototype,2023-03-30,chungha,Recording20,2023-03-20,2023-03-20,14:11:59.980,05:11:59.980,270054,Timeline1,Tobii I-VT (Fixation),1.207.44884,1080,1920,10.0,0.6,2.1,2.2,0.05,0.17,0.19,2,7,7,7.9,5.3,2.1,0.7,0.45,0.18,25,17,7,145951154245.0,,,708.0,472.0,725.0,476.0,690.0,468.0,-0.06694,0.05262,-0.99637,-0.18388,0.04414,-0.98196,3.825,3.734,3.782,Valid,Valid,269.4,114.8,640.8,335.1,117.4,639.1,226.4,148.6,215.5,146.1,0.3687,0.4371,0.3778,0.4409,0.3595,0.4334,Screen Recording,Screen Recording Recording20.mp4,1920.0,1080.0,0.0,0.0,1920.0,1080.0,Fixation,567.0,185.0,706.0,472.0,0.3677,0.4374,,,,,,,,,,,,hit,0
